job_title,company,location,salary_min,salary_max,tags,job_url,date_posted
CFO,Marathon Talent,,0,0,"cfo, support, software, accounting, financial, finance, api, management, lead, senior, operations, legal",https://remoteOK.com/remote-jobs/remote-cfo-marathon-talent-1130739,2026-03-12T08:00:15+00:00
Senior Backend Engineer,Pavago,,0,0,"design, c#, saas, system, founder, technical, recruiter, code, devops, mongodb, api, strategy, lead, senior, analytics, reliability, health, engineer, engineering, linux, backend, digital nomad",https://remoteOK.com/remote-jobs/remote-senior-backend-engineer-pavago-1130738,2026-03-12T08:00:09+00:00
UK Support Specialist,Substack,London,0,0,"technical, support, content, operations, recruitment",https://remoteOK.com/remote-jobs/remote-uk-support-specialist-substack-1130737,2026-03-12T08:00:03+00:00
Human Resources Engagement Partner,ABBYY,United States,0,0,,https://remoteOK.com/remote-jobs/remote-human-resources-engagement-partner-abbyy-1130736,2026-03-12T00:01:28+00:00
Senior Software Engineer Data Platform,Zus Health,United States,0,0,"software, embedded, system, ceo, technical, director, code, video, cloud, senior, go, medical, health, healthcare, engineer, engineering, apache",https://remoteOK.com/remote-jobs/remote-senior-software-engineer-data-platform-zus-health-1130735,2026-03-12T00:01:18+00:00
Corporate Associate ECVC,Scale LLP,United States,0,0,"support, growth, legal",https://remoteOK.com/remote-jobs/remote-corporate-associate-ecvc-scale-llp-1130734,2026-03-12T00:01:10+00:00
Recruiting Coordinator,ZÃ³calo Health,,25,27,"system, coordinator, support, lead, operations, medical, health, healthcare, recruiting",https://remoteOK.com/remote-jobs/remote-recruiting-coordinator-zocalo-health-1130733,2026-03-12T00:00:59+00:00
Manager Revenue Accounting,Boulevard,,0,0,"manager, accounting, design, digital nomad",https://remoteOK.com/remote-jobs/remote-manager-revenue-accounting-boulevard-1130732,2026-03-12T00:00:49+00:00
Data Analyst,Marketing Architects,,70000,90000,"analyst, support, growth, director, marketing, analytics, go, full-time",https://remoteOK.com/remote-jobs/remote-data-analyst-marketing-architects-1130731,2026-03-12T00:00:38+00:00
Contract Data Architect,The Motley Fool,United States,0,0,"architect, support, financial, investment, strategy, senior, engineering",https://remoteOK.com/remote-jobs/remote-contract-data-architect-the-motley-fool-1130730,2026-03-12T00:00:30+00:00
People Operations Specialist,Orcrist Technologies,Berlin,0,0,"hr, operations, operational, recruiting, recruitment",https://remoteOK.com/remote-jobs/remote-people-operations-specialist-orcrist-technologies-1130729,2026-03-12T00:00:19+00:00
Director Planning & Analytics,Temporal Technologies,United States,0,0,"director, architect, technical, developer, software, growth, finance, lead, operational, analytics, digital nomad",https://remoteOK.com/remote-jobs/remote-director-planning-analytics-temporal-technologies-1130728,2026-03-12T00:00:08+00:00
Senior Technical Game Designer,That's No Moon Entertainment,United States,0,0,"game, design, designer, technical, animation, content, senior, digital nomad",https://remoteOK.com/remote-jobs/remote-senior-technical-game-designer-thats-no-moon-entertainment-1130727,2026-03-11T21:00:05+00:00
Benefit Verification Pharmacy Technician,Shields Health Solutions,,0,0,"operational, medical, educational",https://remoteOK.com/remote-jobs/remote-benefit-verification-pharmacy-technician-shields-health-solutions-1130726,2026-03-11T19:00:04+00:00
Infrastructure Manager,Andromeda Cluster,San Francisco,0,0,"manager, training, technical, cloud, strategy, sales",https://remoteOK.com/remote-jobs/remote-infrastructure-manager-andromeda-cluster-1130725,2026-03-11T16:00:03+00:00
Assistant Pricing Manager,Restaurant Supply,Metro Manila,0,0,"manager, assistant, support, microsoft, operations, excel, ecommerce, shopify, non tech",https://remoteOK.com/remote-jobs/remote-assistant-pricing-manager-restaurant-supply-1130724,2026-03-11T08:00:11+00:00
AI Training for Igbo Writers,Remotasks,,0,0,"training, technical",https://remoteOK.com/remote-jobs/remote-ai-training-for-igbo-writers-remotasks-1130723,2026-03-11T06:00:04+00:00
Staff Threat Intelligence Researcher,Lookout Inc,France,0,0,"ios, security, cloud, mobile, android",https://remoteOK.com/remote-jobs/remote-staff-threat-intelligence-researcher-lookout-inc-1130722,2026-03-11T00:00:26+00:00
CHW Manager,ZÃ³calo Health,"Riverside, CA",0,0,"manager, medical, health, healthcare, non tech",https://remoteOK.com/remote-jobs/remote-chw-manager-zocalo-health-1130721,2026-03-11T00:00:08+00:00
Lead Level Designer,Eleventh Hour Games,,0,0,"design, designer, lead, engineering, digital nomad",https://remoteOK.com/remote-jobs/remote-lead-level-designer-eleventh-hour-games-1130720,2026-03-10T22:00:45+00:00
Senior Level Designer,Eleventh Hour Games,,0,0,"design, game, designer, technical, senior, engineering, digital nomad",https://remoteOK.com/remote-jobs/remote-senior-level-designer-eleventh-hour-games-1130719,2026-03-10T22:00:35+00:00
Narrative and World Lead,Eleventh Hour Games,,0,0,"architect, travel, strategy, lead",https://remoteOK.com/remote-jobs/remote-narrative-and-world-lead-eleventh-hour-games-1130718,2026-03-10T22:00:25+00:00
Procurement Specialist Hardware,Blueprint,,0,0,"support, strategy, operations",https://remoteOK.com/remote-jobs/remote-procurement-specialist-hardware-blueprint-1130717,2026-03-10T22:00:12+00:00
Lead Animator,Eleventh Hour Games,,0,0,"design, game, animator, animation, lead, digital nomad",https://remoteOK.com/remote-jobs/remote-lead-animator-eleventh-hour-games-1130715,2026-03-10T21:00:17+00:00
Senior Software Engineer,Omada Health,USA,0,0,"software, design, technical, leader, senior, medical, health, engineer, digital nomad",https://remoteOK.com/remote-jobs/remote-senior-software-engineer-omada-health-1130714,2026-03-10T16:00:07+00:00
Territory Sales Representative Green Grass Southeast,Trackman A/S,,0,0,"teaching, technical, software, growth, travel, education, management, sales",https://remoteOK.com/remote-jobs/remote-territory-sales-representative-green-grass-southeast-trackman-a-s-1130713,2026-03-10T16:00:04+00:00
Customer Service Representative Member Care,Sidecar Health,,0,0,"system, medical, health, healthcare",https://remoteOK.com/remote-jobs/remote-customer-service-representative-member-care-sidecar-health-1130711,2026-03-10T13:00:04+00:00
Design Intern Summer 2026,BetterHelp,US,0,0,"design, designer, growth, web, marketing, go, health, digital nomad",https://remoteOK.com/remote-jobs/remote-design-intern-summer-2026-betterhelp-1130710,2026-03-10T10:00:06+00:00
Restaurant Account Manager,Sharebite,Remote,0,0,"manager, support, operations, operational",https://remoteOK.com/remote-jobs/remote-restaurant-account-manager-sharebite-1130709,2026-03-10T09:00:06+00:00
Journeyperson Electrician,Rising Edge Group,Halifax,0,0,"training, technical, testing, test, code, travel, microsoft, senior, legal, health",https://remoteOK.com/remote-jobs/remote-journeyperson-electrician-rising-edge-group-1130708,2026-03-10T08:00:17+00:00
